iso3,year,value,indicator
ARG,2023,-1.85578803046339,gdp_growth
ARG,2022,6.02074537534855,gdp_growth
ARG,2021,10.4418119882506,gdp_growth
ARG,2020,-9.9004848136464,gdp_growth
ARG,2019,-2.00086100285785,gdp_growth
ARG,2018,-2.61739646282038,gdp_growth
ARG,2017,2.81850297775918,gdp_growth
ARG,2016,-2.08032784377811,gdp_growth
ARG,2015,2.73115982828944,gdp_growth
ARG,2014,-2.51261532081394,gdp_growth
ARG,2013,2.40532378079436,gdp_growth
ARG,2012,-1.0264204544321,gdp_growth
ARG,2011,6.00395169280579,gdp_growth
ARG,2010,10.1253981561002,gdp_growth
BRA,2023,3.24165532813583,gdp_growth
BRA,2022,3.01669435408112,gdp_growth
BRA,2021,4.7626043797061,gdp_growth
BRA,2020,-3.27675879612903,gdp_growth
BRA,2019,1.22077782271943,gdp_growth
BRA,2018,1.78366676137003,gdp_growth
BRA,2017,1.32286905390815,gdp_growth
BRA,2016,-3.2759169063211,gdp_growth
BRA,2015,-3.54576339347278,gdp_growth
BRA,2014,0.503955740273241,gdp_growth
BRA,2013,3.0048226702888,gdp_growth
BRA,2012,1.92117598509462,gdp_growth
BRA,2011,3.97442307944702,gdp_growth
BRA,2010,7.52822581812151,gdp_growth
CAN,2023,1.52874550838358,gdp_growth
CAN,2022,4.18903628100851,gdp_growth
CAN,2021,5.95052802804381,gdp_growth
CAN,2020,-5.03823343468899,gdp_growth
CAN,2019,1.90843194590616,gdp_growth
CAN,2018,2.74296344906655,gdp_growth
CAN,2017,3.03383491200222,gdp_growth
CAN,2016,1.03855092490855,gdp_growth
CAN,2015,0.649971001734855,gdp_growth
CAN,2014,2.87346677785811,gdp_growth
CAN,2013,2.32581354806429,gdp_growth
CAN,2012,1.75566129145483,gdp_growth
CAN,2011,3.13719442170364,gdp_growth
CAN,2010,3.09080634469335,gdp_growth
CHL,2023,0.521367977246825,gdp_growth
CHL,2022,2.15399356192458,gdp_growth
CHL,2021,11.3149204879049,gdp_growth
CHL,2020,-6.14347479224092,gdp_growth
CHL,2019,0.634367533828438,gdp_growth
CHL,2018,3.99002947789977,gdp_growth
CHL,2017,1.35769537343957,gdp_growth
CHL,2016,1.753038749071,gdp_growth
CHL,2015,2.15194249981184,gdp_growth
CHL,2014,1.79264947139259,gdp_growth
CHL,2013,3.30850824710085,gdp_growth
CHL,2012,6.15534001855494,gdp_growth
CHL,2011,6.22389678509138,gdp_growth
CHL,2010,5.85165102224047,gdp_growth
COL,2023,0.712380031974334,gdp_growth
COL,2022,7.32827729427979,gdp_growth
COL,2021,10.8011981904878,gdp_growth
COL,2020,-7.18591413760859,gdp_growth
COL,2019,3.18685539245533,gdp_growth
COL,2018,2.56432428277704,gdp_growth
COL,2017,1.35936086788746,gdp_growth
COL,2016,2.08738250162794,gdp_growth
COL,2015,2.95590137527523,gdp_growth
COL,2014,4.49903000110972,gdp_growth
COL,2013,5.13399351995672,gdp_growth
COL,2012,3.91263576716115,gdp_growth
COL,2011,6.94789198173555,gdp_growth
COL,2010,4.49465897070922,gdp_growth
MEX,2023,3.35354140652768,gdp_growth
MEX,2022,3.70975709163623,gdp_growth
MEX,2021,6.0484834621255,gdp_growth
MEX,2020,-8.35403458167995,gdp_growth
MEX,2019,-0.392690505066824,gdp_growth
MEX,2018,1.97208209405635,gdp_growth
MEX,2017,1.87172853327193,gdp_growth
MEX,2016,1.77249323845399,gdp_growth
MEX,2015,2.70232342550646,gdp_growth
MEX,2014,2.50376350288664,gdp_growth
MEX,2013,0.852101559410627,gdp_growth
MEX,2012,3.55321075993527,gdp_growth
MEX,2011,3.44404505794418,gdp_growth
MEX,2010,4.9713345832195,gdp_growth
PER,2023,-0.403242151494268,gdp_growth
PER,2022,2.8090335533015,gdp_growth
PER,2021,13.3626240903125,gdp_growth
PER,2020,-10.9333065010382,gdp_growth
PER,2019,2.24063176875049,gdp_growth
PER,2018,3.969351341365,gdp_growth
PER,2017,2.51883544233135,gdp_growth
PER,2016,3.95331871520767,gdp_growth
PER,2015,3.25224477218451,gdp_growth
PER,2014,2.38215737180541,gdp_growth
PER,2013,5.85251821084928,gdp_growth
PER,2012,6.13972470560435,gdp_growth
PER,2011,6.32719240161117,gdp_growth
PER,2010,8.33245910749577,gdp_growth
USA,2023,2.88755600749487,gdp_growth
USA,2022,2.51237531986017,gdp_growth
USA,2021,6.05505293244555,gdp_growth
USA,2020,-2.16302914036166,gdp_growth
USA,2019,2.58382533412825,gdp_growth
USA,2018,2.96650506901305,gdp_growth
USA,2017,2.45762229852507,gdp_growth
USA,2016,1.81945147788167,gdp_growth
USA,2015,2.94555045484053,gdp_growth
USA,2014,2.52381981363968,gdp_growth
USA,2013,2.11783009790057,gdp_growth
USA,2012,2.28911338669843,gdp_growth
USA,2011,1.56440685763506,gdp_growth
USA,2010,2.69519257744442,gdp_growth
CZE,2023,0.0475803308973752,gdp_growth
CZE,2022,2.8471706583814,gdp_growth
CZE,2021,4.02901832055149,gdp_growth
CZE,2020,-5.30487955463876,gdp_growth
CZE,2019,3.56577658128261,gdp_growth
CZE,2018,2.83030588267866,gdp_growth
CZE,2017,5.17356529967881,gdp_growth
CZE,2016,2.58087013921376,gdp_growth
CZE,2015,4.95875848915604,gdp_growth
CZE,2014,2.24521219862635,gdp_growth
CZE,2013,-0.0418124160447491,gdp_growth
CZE,2012,-0.770668190622743,gdp_growth
CZE,2011,1.77238085338473,gdp_growth
CZE,2010,2.71466509907701,gdp_growth
DEU,2023,-0.869647578573321,gdp_growth
DEU,2022,1.8092581243061,gdp_growth
DEU,2021,3.90999994204108,gdp_growth
DEU,2020,-4.13191443239947,gdp_growth
DEU,2019,0.977734697038784,gdp_growth
DEU,2018,1.13569604599849,gdp_growth
DEU,2017,2.797906720551,gdp_growth
DEU,2016,2.22222216259371,gdp_growth
DEU,2015,1.66300602334775,gdp_growth
DEU,2014,2.18018602168017,gdp_growth
DEU,2013,0.396995583779145,gdp_growth
DEU,2012,0.463512036709204,gdp_growth
DEU,2011,3.75796884489337,gdp_growth
DEU,2010,4.13463778522758,gdp_growth
ESP,2023,2.46085796805582,gdp_growth
ESP,2022,6.37031712129601,gdp_growth
ESP,2021,6.68314420473001,gdp_growth
ESP,2020,-10.9400706350371,gdp_growth
ESP,2019,1.96117850841711,gdp_growth
ESP,2018,2.39541124478878,gdp_growth
ESP,2017,2.89604207865007,gdp_growth
ESP,2016,2.91515598595787,gdp_growth
ESP,2015,4.06086672473866,gdp_growth
ESP,2014,1.52048593647231,gdp_growth
ESP,2013,-1.42732224757626,gdp_growth
ESP,2012,-2.86511368637748,gdp_growth
ESP,2011,-0.639920636520344,gdp_growth
ESP,2010,0.0941223116369514,gdp_growth
FRA,2023,1.43921494437743,gdp_growth
FRA,2022,2.71676264185913,gdp_growth
FRA,2021,6.88233783360239,gdp_growth
FRA,2020,-7.44064589948231,gdp_growth
FRA,2019,2.02744646419237,gdp_growth
FRA,2018,1.64590872395887,gdp_growth
FRA,2017,2.08361485997399,gdp_growth
FRA,2016,0.860031075424033,gdp_growth
FRA,2015,1.06675474783462,gdp_growth
FRA,2014,0.997832947295251,gdp_growth
FRA,2013,0.781756446231,gdp_growth
FRA,2012,0.183835264973013,gdp_growth
FRA,2011,2.43757653729007,gdp_growth
FRA,2010,2.00032476039051,gdp_growth
GBR,2023,0.271650048355255,gdp_growth
GBR,2022,5.14970388522993,gdp_growth
GBR,2021,8.5431118453255,gdp_growth
GBR,2020,-10.047896637362,gdp_growth
GBR,2019,1.25629899760824,gdp_growth
GBR,2018,1.55133095078786,gdp_growth
GBR,2017,3.02322219840339,gdp_growth
GBR,2016,2.20652020635357,gdp_growth
GBR,2015,2.14040560033371,gdp_growth
GBR,2014,3.16017351468152,gdp_growth
GBR,2013,1.71846961308464,gdp_growth
GBR,2012,1.52826034721852,gdp_growth
GBR,2011,0.851437739020326,gdp_growth
GBR,2010,2.26054460931586,gdp_growth
ITA,2023,0.975694840127005,gdp_growth
ITA,2022,4.82117669913565,gdp_growth
ITA,2021,8.93106210800055,gdp_growth
ITA,2020,-8.86822122185345,gdp_growth
ITA,2019,0.429162533780342,gdp_growth
ITA,2018,0.826646712344115,gdp_growth
ITA,2017,1.60369995294101,gdp_growth
ITA,2016,1.23622108511661,gdp_growth
ITA,2015,0.885667635240807,gdp_growth
ITA,2014,-0.00138761730454462,gdp_growth
ITA,2013,-1.81802510749792,gdp_growth
ITA,2012,-3.12523877282996,gdp_growth
ITA,2011,0.695463154440176,gdp_growth
ITA,2010,1.52910573247101,gdp_growth
NLD,2023,-0.598096167209832,gdp_growth
NLD,2022,5.00723455159611,gdp_growth
NLD,2021,6.2768306708326,gdp_growth
NLD,2020,-3.86795333823223,gdp_growth
NLD,2019,2.30009157916757,gdp_growth
NLD,2018,2.2587403735731,gdp_growth
NLD,2017,2.78154619309936,gdp_growth
NLD,2016,2.42428572955482,gdp_growth
NLD,2015,2.12060523860846,gdp_growth
NLD,2014,1.61261001294011,gdp_growth
NLD,2013,-0.0302325600539604,gdp_growth
NLD,2012,-0.977876877747732,gdp_growth
NLD,2011,1.77334516269423,gdp_growth
NLD,2010,1.31932032302214,gdp_growth
POL,2023,0.249610834017872,gdp_growth
POL,2022,5.25545697386036,gdp_growth
POL,2021,6.92718266052501,gdp_growth
POL,2020,-2.03556882399977,gdp_growth
POL,2019,4.58045817256199,gdp_growth
POL,2018,6.2458584723942,gdp_growth
POL,2017,5.15245773325907,gdp_growth
POL,2016,3.03117767594847,gdp_growth
POL,2015,4.43176700264478,gdp_growth
POL,2014,3.92050862390032,gdp_growth
POL,2013,0.684240607051805,gdp_growth
POL,2012,1.51178167644575,gdp_growth
POL,2011,5.25546256612796,gdp_growth
POL,2010,3.16892748258036,gdp_growth
CHE,2023,0.683328174376044,gdp_growth
CHE,2022,3.04406102969423,gdp_growth
CHE,2021,5.55962020605844,gdp_growth
CHE,2020,-2.14173712008038,gdp_growth
CHE,2019,1.14198218965691,gdp_growth
CHE,2018,2.86044579439036,gdp_growth
CHE,2017,1.36279965488859,gdp_growth
CHE,2016,2.06868969039562,gdp_growth
CHE,2015,1.64462750849488,gdp_growth
CHE,2014,2.34988141500179,gdp_growth
CHE,2013,1.79214400716117,gdp_growth
CHE,2012,1.17925385250513,gdp_growth
CHE,2011,1.81310830459596,gdp_growth
CHE,2010,3.24339715656356,gdp_growth
CHN,2023,5.41484330099675,gdp_growth
CHN,2022,3.1341888719577,gdp_growth
CHN,2021,8.57008513166322,gdp_growth
CHN,2020,2.34018843078414,gdp_growth
CHN,2019,6.06850235053705,gdp_growth
CHN,2018,6.75671800166833,gdp_growth
CHN,2017,6.8912663621211,gdp_growth
CHN,2016,6.77555562837017,gdp_growth
CHN,2015,6.97878002657477,gdp_growth
CHN,2014,7.46190028229434,gdp_growth
CHN,2013,7.77872409446717,gdp_growth
CHN,2012,7.85617427055587,gdp_growth
CHN,2011,9.4613358870736,gdp_growth
CHN,2010,10.5962719761682,gdp_growth
IND,2023,9.19075493028345,gdp_growth
IND,2022,7.60936497768895,gdp_growth
IND,2021,9.68959249192875,gdp_growth
IND,2020,-5.77772470686801,gdp_growth
IND,2019,3.87143694070356,gdp_growth
IND,2018,6.45385134497769,gdp_growth
IND,2017,6.79538341897911,gdp_growth
IND,2016,8.25630550179086,gdp_growth
IND,2015,7.99625378571471,gdp_growth
IND,2014,7.41022760508854,gdp_growth
IND,2013,6.38610640094825,gdp_growth
IND,2012,5.45638755166587,gdp_growth
IND,2011,5.24131619937695,gdp_growth
IND,2010,8.49758470221235,gdp_growth
JPN,2023,1.47503481053384,gdp_growth
JPN,2022,0.941998775483285,gdp_growth
JPN,2021,2.69657404187188,gdp_growth
JPN,2020,-4.16876457146743,gdp_growth
JPN,2019,-0.402169200894946,gdp_growth
JPN,2018,0.643391023533141,gdp_growth
JPN,2017,1.67533175173359,gdp_growth
JPN,2016,0.753826745789127,gdp_growth
JPN,2015,1.56062669680782,gdp_growth
JPN,2014,0.296205514141889,gdp_growth
JPN,2013,2.00510017681211,gdp_growth
JPN,2012,1.37475099905274,gdp_growth
JPN,2011,0.0238095237995424,gdp_growth
JPN,2010,4.09791791943181,gdp_growth
KOR,2023,1.58301467403629,gdp_growth
KOR,2022,2.72756456708991,gdp_growth
KOR,2021,4.61296795454287,gdp_growth
KOR,2020,-0.700242317542106,gdp_growth
KOR,2019,2.31380210595475,gdp_growth
KOR,2018,3.17611568177327,gdp_growth
KOR,2017,3.433191763972,gdp_growth
KOR,2016,3.17152748983935,gdp_growth
KOR,2015,2.92029267301234,gdp_growth
KOR,2014,3.21468019683108,gdp_growth
KOR,2013,3.2913959543442,gdp_growth
KOR,2012,2.54766550568242,gdp_growth
KOR,2011,3.6880320602952,gdp_growth
KOR,2010,6.98166138853071,gdp_growth
NOR,2023,0.0721204806030329,gdp_growth
NOR,2022,3.24622860260932,gdp_growth
NOR,2021,3.90868676830634,gdp_growth
NOR,2020,-1.27817177234034,gdp_growth
NOR,2019,1.12374694968757,gdp_growth
NOR,2018,0.828931500516902,gdp_growth
NOR,2017,2.46374626574153,gdp_growth
NOR,2016,1.16472423928819,gdp_growth
NOR,2015,1.85733971623901,gdp_growth
NOR,2014,2.04813200438943,gdp_growth
NOR,2013,1.01619084044641,gdp_growth
NOR,2012,2.71795924894734,gdp_growth
NOR,2011,1.10565603382983,gdp_growth
NOR,2010,0.787051861494078,gdp_growth
SWE,2023,-0.204061304891439,gdp_growth
SWE,2022,1.25543620445816,gdp_growth
SWE,2021,5.2258643028773,gdp_growth
SWE,2020,-1.93379704032216,gdp_growth
SWE,2019,2.60823012869524,gdp_growth
SWE,2018,1.7702553546772,gdp_growth
SWE,2017,1.88282184966646,gdp_growth
SWE,2016,2.13117914731151,gdp_growth
SWE,2015,4.38824673608589,gdp_growth
SWE,2014,2.29577238758284,gdp_growth
SWE,2013,1.13766671801426,gdp_growth
SWE,2012,-0.414397702454409,gdp_growth
SWE,2011,3.16388567406926,gdp_growth
SWE,2010,5.75076477579255,gdp_growth
TUR,2023,5.04512369812289,gdp_growth
TUR,2022,5.44122511322401,gdp_growth
TUR,2021,11.811094450607,gdp_growth
TUR,2020,1.80306247087255,gdp_growth
TUR,2019,1.30162365464503,gdp_growth
TUR,2018,3.46815306092219,gdp_growth
TUR,2017,7.82585730002594,gdp_growth
TUR,2016,3.32366508200445,gdp_growth
TUR,2015,5.80557386628684,gdp_growth
TUR,2014,4.60079447270559,gdp_growth
TUR,2013,8.48825689298511,gdp_growth
TUR,2012,4.80762696633448,gdp_growth
TUR,2011,10.9799625273598,gdp_growth
TUR,2010,8.54219848467686,gdp_growth
AUS,2023,3.58382100798981,gdp_growth
AUS,2022,4.25304559238732,gdp_growth
AUS,2021,2.00694844335034,gdp_growth
AUS,2020,-0.133531904304775,gdp_growth
AUS,2019,2.19401703622717,gdp_growth
AUS,2018,2.87417039499501,gdp_growth
AUS,2017,2.29331030192918,gdp_growth
AUS,2016,2.75564065529868,gdp_growth
AUS,2015,2.16434780647852,gdp_growth
AUS,2014,2.60118978187332,gdp_growth
AUS,2013,2.65445302592404,gdp_growth
AUS,2012,3.95247138119184,gdp_growth
AUS,2011,2.39473494330615,gdp_growth
AUS,2010,2.21004795300735,gdp_growth
IDN,2023,5.04902331835997,gdp_growth
IDN,2022,5.30719722664799,gdp_growth
IDN,2021,3.70288562827751,gdp_growth
IDN,2020,-2.06551182934165,gdp_growth
IDN,2019,5.01928768046282,gdp_growth
IDN,2018,5.17429153955024,gdp_growth
IDN,2017,5.06978590134916,gdp_growth
IDN,2016,5.03306918280177,gdp_growth
IDN,2015,4.87632230022123,gdp_growth
IDN,2014,5.006668425755,gdp_growth
IDN,2013,5.5572636889101,gdp_growth
IDN,2012,6.03005065305615,gdp_growth
IDN,2011,6.16978420771008,gdp_growth
IDN,2010,6.22385418062366,gdp_growth
MYS,2023,3.5370638041057,gdp_growth
MYS,2022,9.03173723044451,gdp_growth
MYS,2021,3.31534954399166,gdp_growth
MYS,2020,-5.45684658426701,gdp_growth
MYS,2019,4.41318742129586,gdp_growth
MYS,2018,4.84308697634881,gdp_growth
MYS,2017,5.81272240983328,gdp_growth
MYS,2016,4.44978139761541,gdp_growth
MYS,2015,5.09153242155011,gdp_growth
MYS,2014,6.00672194558203,gdp_growth
MYS,2013,4.69372252557893,gdp_growth
MYS,2012,5.47345419253853,gdp_growth
MYS,2011,5.29391283414003,gdp_growth
MYS,2010,7.42484738326097,gdp_growth
NZL,2023,1.39425181563566,gdp_growth
NZL,2022,3.49638686458842,gdp_growth
NZL,2021,4.53540565716095,gdp_growth
NZL,2020,-0.307246896026541,gdp_growth
NZL,2019,2.31747144034802,gdp_growth
NZL,2018,3.47058203866328,gdp_growth
NZL,2017,3.37873219470765,gdp_growth
NZL,2016,3.77911068354334,gdp_growth
NZL,2015,3.69036908387233,gdp_growth
NZL,2014,3.82638491760299,gdp_growth
NZL,2013,2.58954199031598,gdp_growth
NZL,2012,2.36630664656174,gdp_growth
NZL,2011,2.09349621669912,gdp_growth
NZL,2010,1.45863634911349,gdp_growth
PHL,2023,5.51894967862863,gdp_growth
PHL,2022,7.58098212785563,gdp_growth
PHL,2021,5.71473313185116,gdp_growth
PHL,2020,-9.51829474045297,gdp_growth
PHL,2019,6.11852566221303,gdp_growth
PHL,2018,6.34148557153473,gdp_growth
PHL,2017,6.9309883258402,gdp_growth
PHL,2016,7.14945675000752,gdp_growth
PHL,2015,6.34830971672761,gdp_growth
PHL,2014,6.34798748260867,gdp_growth
PHL,2013,6.75053130142255,gdp_growth
PHL,2012,6.89695171050985,gdp_growth
PHL,2011,3.85823282795663,gdp_growth
PHL,2010,7.33449996034538,gdp_growth
SAU,2023,0.542592439393161,gdp_growth
SAU,2022,12.0005874752929,gdp_growth
SAU,2021,6.51959698325419,gdp_growth
SAU,2020,-3.80478901996312,gdp_growth
SAU,2019,1.65158925617395,gdp_growth
SAU,2018,3.2269508901591,gdp_growth
SAU,2017,1.18210705878283,gdp_growth
SAU,2016,1.70404739202878,gdp_growth
SAU,2015,4.65512316652699,gdp_growth
SAU,2014,4.02467158380668,gdp_growth
SAU,2013,2.94563789152025,gdp_growth
SAU,2012,5.76157382270968,gdp_growth
SAU,2011,11.758820686671,gdp_growth
SAU,2010,5.0395150823517,gdp_growth
THA,2023,2.01775095328327,gdp_growth
THA,2022,2.58037874709827,gdp_growth
THA,2021,1.55216608426647,gdp_growth
THA,2020,-6.05003846851622,gdp_growth
THA,2019,2.11455779628278,gdp_growth
THA,2018,4.22287028746071,gdp_growth
THA,2017,4.1776810321001,gdp_growth
THA,2016,3.43515771692182,gdp_growth
THA,2015,3.13404724911635,gdp_growth
THA,2014,0.984468863619426,gdp_growth
THA,2013,2.68749556320556,gdp_growth
THA,2012,7.24279620249642,gdp_growth
THA,2011,0.840132083053334,gdp_growth
THA,2010,7.51339053261624,gdp_growth
ZAF,2023,0.80610455095804,gdp_growth
ZAF,2022,2.05813661692193,gdp_growth
ZAF,2021,4.85864865060148,gdp_growth
ZAF,2020,-6.1689177146757,gdp_growth
ZAF,2019,0.25993557687633,gdp_growth
ZAF,2018,1.55678384721676,gdp_growth
ZAF,2017,1.15794695181735,gdp_growth
ZAF,2016,0.664552307858116,gdp_growth
ZAF,2015,1.32186223678229,gdp_growth
ZAF,2014,1.41382645223793,gdp_growth
ZAF,2013,2.48546800826588,gdp_growth
ZAF,2012,2.39623238465745,gdp_growth
ZAF,2011,3.16855627858818,gdp_growth
ZAF,2010,3.03973288127956,gdp_growth
EGY,2023,3.76028052279247,gdp_growth
EGY,2022,6.58784560886967,gdp_growth
EGY,2021,3.29064601202211,gdp_growth
EGY,2020,3.55016483786838,gdp_growth
EGY,2019,5.55209307156956,gdp_growth
EGY,2018,5.3311086189448,gdp_growth
EGY,2017,4.18122099994778,gdp_growth
EGY,2016,4.34664345555447,gdp_growth
EGY,2015,4.37201907790141,gdp_growth
EGY,2014,2.91591187985748,gdp_growth
EGY,2013,2.18546605362143,gdp_growth
EGY,2012,2.22619979863525,gdp_growth
EGY,2011,1.7645719489982,gdp_growth
EGY,2010,5.1472348575531,gdp_growth
ISR,2023,1.82652049482384,gdp_growth
ISR,2022,6.26326343841286,gdp_growth
ISR,2021,9.38837403354628,gdp_growth
ISR,2020,-2.02161548237589,gdp_growth
ISR,2019,3.71049632750405,gdp_growth
ISR,2018,4.00389862187025,gdp_growth
ISR,2017,4.3469311670646,gdp_growth
ISR,2016,4.45978271860821,gdp_growth
ISR,2015,2.23760317482488,gdp_growth
ISR,2014,3.77582843213109,gdp_growth
ISR,2013,4.08570918638205,gdp_growth
ISR,2012,2.44716836741318,gdp_growth
ISR,2011,5.51879621371651,gdp_growth
ISR,2010,5.53434033902194,gdp_growth
KEN,2023,5.71999241214208,gdp_growth
KEN,2022,4.85998104287999,gdp_growth
KEN,2021,7.59048947333467,gdp_growth
KEN,2020,-0.272766327438816,gdp_growth
KEN,2019,5.11415885767801,gdp_growth
KEN,2018,5.64794640709219,gdp_growth
KEN,2017,3.83795817364721,gdp_growth
KEN,2016,4.21351706814744,gdp_growth
KEN,2015,4.96772112759767,gdp_growth
KEN,2014,5.02011100232484,gdp_growth
KEN,2013,3.7978483925754,gdp_growth
KEN,2012,4.56867961444982,gdp_growth
KEN,2011,5.1211061197056,gdp_growth
KEN,2010,8.05847360290906,gdp_growth
MAR,2023,3.65564411017931,gdp_growth
MAR,2022,1.81269242194809,gdp_growth
MAR,2021,8.15473889823681,gdp_growth
MAR,2020,-7.17820744246774,gdp_growth
MAR,2019,2.89097476137077,gdp_growth
MAR,2018,3.06564133025955,gdp_growth
MAR,2017,5.05789816173446,gdp_growth
MAR,2016,0.52118550608968,gdp_growth
MAR,2015,4.34458297635238,gdp_growth
MAR,2014,2.7192440802029,gdp_growth
MAR,2013,4.12221286860944,gdp_growth
MAR,2012,3.06234368502997,gdp_growth
MAR,2011,5.52464523319847,gdp_growth
MAR,2010,3.49955709403216,gdp_growth
ARG,2023,6.139,unemployment
ARG,2022,6.805,unemployment
ARG,2021,8.736,unemployment
ARG,2020,11.461,unemployment
ARG,2019,9.843,unemployment
ARG,2018,9.22,unemployment
ARG,2017,8.347,unemployment
ARG,2016,8.088,unemployment
ARG,2015,7.577,unemployment
ARG,2014,7.268,unemployment
ARG,2013,7.1,unemployment
ARG,2012,7.217,unemployment
ARG,2011,7.18,unemployment
ARG,2010,7.714,unemployment
BRA,2023,7.947,unemployment
BRA,2022,9.231,unemployment
BRA,2021,13.158,unemployment
BRA,2020,13.697,unemployment
BRA,2019,11.936,unemployment
BRA,2018,12.329,unemployment
BRA,2017,12.792,unemployment
BRA,2016,11.58,unemployment
BRA,2015,8.538,unemployment
BRA,2014,6.755,unemployment
BRA,2013,7.071,unemployment
BRA,2012,7.251,unemployment
BRA,2011,7.578,unemployment
BRA,2010,8.42,unemployment
CAN,2023,5.415,unemployment
CAN,2022,5.279,unemployment
CAN,2021,7.527,unemployment
CAN,2020,9.657,unemployment
CAN,2019,5.69,unemployment
CAN,2018,5.837,unemployment
CAN,2017,6.426,unemployment
CAN,2016,7.038,unemployment
CAN,2015,6.945,unemployment
CAN,2014,7.023,unemployment
CAN,2013,7.143,unemployment
CAN,2012,7.392,unemployment
CAN,2011,7.637,unemployment
CAN,2010,8.178,unemployment
CHL,2023,9.013,unemployment
CHL,2022,8.249,unemployment
CHL,2021,9.281,unemployment
CHL,2020,10.934,unemployment
CHL,2019,7.493,unemployment
CHL,2018,7.623,unemployment
CHL,2017,7.257,unemployment
CHL,2016,6.926,unemployment
CHL,2015,6.605,unemployment
CHL,2014,6.761,unemployment
CHL,2013,6.361,unemployment
CHL,2012,6.79,unemployment
CHL,2011,7.492,unemployment
CHL,2010,8.547,unemployment
COL,2023,9.591,unemployment
COL,2022,10.541,unemployment
COL,2021,13.898,unemployment
COL,2020,15.983,unemployment
COL,2019,10.28,unemployment
COL,2018,9.36,unemployment
COL,2017,9.086,unemployment
COL,2016,8.922,unemployment
COL,2015,8.572,unemployment
COL,2014,8.799,unemployment
COL,2013,9.246,unemployment
COL,2012,9.959,unemployment
COL,2011,10.288,unemployment
COL,2010,11.153,unemployment
MEX,2023,2.765,unemployment
MEX,2022,3.256,unemployment
MEX,2021,4.019,unemployment
MEX,2020,4.44,unemployment
MEX,2019,3.477,unemployment
MEX,2018,3.275,unemployment
MEX,2017,3.419,unemployment
MEX,2016,3.853,unemployment
MEX,2015,4.311,unemployment
MEX,2014,4.819,unemployment
MEX,2013,4.921,unemployment
MEX,2012,4.892,unemployment
MEX,2011,5.175,unemployment
MEX,2010,5.303,unemployment
PER,2023,4.899,unemployment
PER,2022,4.291,unemployment
PER,2021,5.097,unemployment
PER,2020,7.179,unemployment
PER,2019,3.379,unemployment
PER,2018,3.492,unemployment
PER,2017,3.691,unemployment
PER,2016,3.741,unemployment
PER,2015,3.272,unemployment
PER,2014,3.208,unemployment
PER,2013,3.575,unemployment
PER,2012,3.238,unemployment
PER,2011,3.477,unemployment
PER,2010,3.6,unemployment
USA,2023,3.638,unemployment
USA,2022,3.65,unemployment
USA,2021,5.349,unemployment
USA,2020,8.055,unemployment
USA,2019,3.669,unemployment
USA,2018,3.896,unemployment
USA,2017,4.355,unemployment
USA,2016,4.869,unemployment
USA,2015,5.28,unemployment
USA,2014,6.168,unemployment
USA,2013,7.375,unemployment
USA,2012,8.069,unemployment
USA,2011,8.949,unemployment
USA,2010,9.633,unemployment
CZE,2023,2.579,unemployment
CZE,2022,2.224,unemployment
CZE,2021,2.803,unemployment
CZE,2020,2.55,unemployment
CZE,2019,2.015,unemployment
CZE,2018,2.246,unemployment
CZE,2017,2.893,unemployment
CZE,2016,3.952,unemployment
CZE,2015,5.048,unemployment
CZE,2014,6.108,unemployment
CZE,2013,6.953,unemployment
CZE,2012,6.979,unemployment
CZE,2011,6.712,unemployment
CZE,2010,7.281,unemployment
DEU,2023,3.071,unemployment
DEU,2022,3.137,unemployment
DEU,2021,3.594,unemployment
DEU,2020,3.881,unemployment
DEU,2019,3.163,unemployment
DEU,2018,3.384,unemployment
DEU,2017,3.781,unemployment
DEU,2016,4.104,unemployment
DEU,2015,4.612,unemployment
DEU,2014,4.979,unemployment
DEU,2013,5.316,unemployment
DEU,2012,5.372,unemployment
DEU,2011,5.967,unemployment
DEU,2010,7.043,unemployment
ESP,2023,12.179,unemployment
ESP,2022,13.033,unemployment
ESP,2021,14.914,unemployment
ESP,2020,15.532,unemployment
ESP,2019,14.104,unemployment
ESP,2018,15.255,unemployment
ESP,2017,17.224,unemployment
ESP,2016,19.635,unemployment
ESP,2015,22.057,unemployment
ESP,2014,24.441,unemployment
ESP,2013,26.094,unemployment
ESP,2012,24.789,unemployment
ESP,2011,21.39,unemployment
ESP,2010,19.86,unemployment
FRA,2023,7.335,unemployment
FRA,2022,7.303,unemployment
FRA,2021,7.871,unemployment
FRA,2020,8.009,unemployment
FRA,2019,8.415,unemployment
FRA,2018,9.018,unemployment
FRA,2017,9.409,unemployment
FRA,2016,10.057,unemployment
FRA,2015,10.354,unemployment
FRA,2014,10.273,unemployment
FRA,2013,9.913,unemployment
FRA,2012,9.841,unemployment
FRA,2011,9.228,unemployment
FRA,2010,9.279,unemployment
GBR,2023,4.025,unemployment
GBR,2022,3.768,unemployment
GBR,2021,4.864,unemployment
GBR,2020,4.472,unemployment
GBR,2019,3.657,unemployment
GBR,2018,4.145,unemployment
GBR,2017,4.501,unemployment
GBR,2016,4.909,unemployment
GBR,2015,5.552,unemployment
GBR,2014,6.398,unemployment
GBR,2013,7.752,unemployment
GBR,2012,8.279,unemployment
GBR,2011,8.195,unemployment
GBR,2010,7.973,unemployment
ITA,2023,7.627,unemployment
ITA,2022,8.069,unemployment
ITA,2021,9.497,unemployment
ITA,2020,9.192,unemployment
ITA,2019,9.884,unemployment
ITA,2018,10.538,unemployment
ITA,2017,11.211,unemployment
ITA,2016,11.688,unemployment
ITA,2015,11.896,unemployment
ITA,2014,12.683,unemployment
ITA,2013,12.149,unemployment
ITA,2012,10.655,unemployment
ITA,2011,8.359,unemployment
ITA,2010,8.363,unemployment
NLD,2023,3.535,unemployment
NLD,2022,3.526,unemployment
NLD,2021,4.209,unemployment
NLD,2020,3.82,unemployment
NLD,2019,3.379,unemployment
NLD,2018,3.832,unemployment
NLD,2017,4.837,unemployment
NLD,2016,6.007,unemployment
NLD,2015,6.872,unemployment
NLD,2014,7.419,unemployment
NLD,2013,7.241,unemployment
NLD,2012,5.821,unemployment
NLD,2011,4.977,unemployment
NLD,2010,4.991,unemployment
POL,2023,2.743,unemployment
POL,2022,2.811,unemployment
POL,2021,3.268,unemployment
POL,2020,3.155,unemployment
POL,2019,3.267,unemployment
POL,2018,3.835,unemployment
POL,2017,4.867,unemployment
POL,2016,6.141,unemployment
POL,2015,7.475,unemployment
POL,2014,8.971,unemployment
POL,2013,10.293,unemployment
POL,2012,10.031,unemployment
POL,2011,9.576,unemployment
POL,2010,9.578,unemployment
CHE,2023,4.043,unemployment
CHE,2022,4.122,unemployment
CHE,2021,5.013,unemployment
CHE,2020,4.817,unemployment
CHE,2019,4.394,unemployment
CHE,2018,4.713,unemployment
CHE,2017,4.797,unemployment
CHE,2016,4.918,unemployment
CHE,2015,4.801,unemployment
CHE,2014,4.826,unemployment
CHE,2013,4.747,unemployment
CHE,2012,4.491,unemployment
CHE,2011,4.409,unemployment
CHE,2010,4.808,unemployment
CHN,2023,4.67,unemployment
CHN,2022,4.98,unemployment
CHN,2021,4.55,unemployment
CHN,2020,5.0,unemployment
CHN,2019,4.56,unemployment
CHN,2018,4.31,unemployment
CHN,2017,4.47,unemployment
CHN,2016,4.56,unemployment
CHN,2015,4.65,unemployment
CHN,2014,4.63,unemployment
CHN,2013,4.6,unemployment
CHN,2012,4.58,unemployment
CHN,2011,4.55,unemployment
CHN,2010,4.53,unemployment
IND,2023,4.172,unemployment
IND,2022,4.822,unemployment
IND,2021,6.38,unemployment
IND,2020,7.859,unemployment
IND,2019,6.51,unemployment
IND,2018,7.652,unemployment
IND,2017,7.626,unemployment
IND,2016,7.611,unemployment
IND,2015,7.629,unemployment
IND,2014,7.656,unemployment
IND,2013,7.678,unemployment
IND,2012,7.645,unemployment
IND,2011,7.609,unemployment
IND,2010,7.631,unemployment
JPN,2023,2.6,unemployment
JPN,2022,2.614,unemployment
JPN,2021,2.808,unemployment
JPN,2020,2.809,unemployment
JPN,2019,2.351,unemployment
JPN,2018,2.467,unemployment
JPN,2017,2.822,unemployment
JPN,2016,3.132,unemployment
JPN,2015,3.385,unemployment
JPN,2014,3.589,unemployment
JPN,2013,4.038,unemployment
JPN,2012,4.358,unemployment
JPN,2011,4.55,unemployment
JPN,2010,5.102,unemployment
KOR,2023,2.675,unemployment
KOR,2022,2.857,unemployment
KOR,2021,3.639,unemployment
KOR,2020,3.931,unemployment
KOR,2019,3.746,unemployment
KOR,2018,3.824,unemployment
KOR,2017,3.653,unemployment
KOR,2016,3.65,unemployment
KOR,2015,3.546,unemployment
KOR,2014,3.082,unemployment
KOR,2013,3.067,unemployment
KOR,2012,2.812,unemployment
KOR,2011,2.992,unemployment
KOR,2010,3.324,unemployment
NOR,2023,3.574,unemployment
NOR,2022,3.231,unemployment
NOR,2021,4.359,unemployment
NOR,2020,4.424,unemployment
NOR,2019,3.684,unemployment
NOR,2018,3.801,unemployment
NOR,2017,4.164,unemployment
NOR,2016,4.68,unemployment
NOR,2015,4.296,unemployment
NOR,2014,3.486,unemployment
NOR,2013,3.425,unemployment
NOR,2012,3.129,unemployment
NOR,2011,3.196,unemployment
NOR,2010,3.527,unemployment
SWE,2023,7.611,unemployment
SWE,2022,7.417,unemployment
SWE,2021,8.803,unemployment
SWE,2020,8.291,unemployment
SWE,2019,6.833,unemployment
SWE,2018,6.365,unemployment
SWE,2017,6.718,unemployment
SWE,2016,6.99,unemployment
SWE,2015,7.432,unemployment
SWE,2014,7.954,unemployment
SWE,2013,8.052,unemployment
SWE,2012,7.976,unemployment
SWE,2011,7.804,unemployment
SWE,2010,8.61,unemployment
TUR,2023,9.388,unemployment
TUR,2022,10.465,unemployment
TUR,2021,11.969,unemployment
TUR,2020,13.148,unemployment
TUR,2019,13.73,unemployment
TUR,2018,10.956,unemployment
TUR,2017,10.919,unemployment
TUR,2016,10.899,unemployment
TUR,2015,10.304,unemployment
TUR,2014,9.901,unemployment
TUR,2013,9.713,unemployment
TUR,2012,9.21,unemployment
TUR,2011,9.789,unemployment
TUR,2010,11.879,unemployment
AUS,2023,3.668,unemployment
AUS,2022,3.728,unemployment
AUS,2021,5.022,unemployment
AUS,2020,6.394,unemployment
AUS,2019,5.143,unemployment
AUS,2018,5.345,unemployment
AUS,2017,5.592,unemployment
AUS,2016,5.711,unemployment
AUS,2015,6.055,unemployment
AUS,2014,6.078,unemployment
AUS,2013,5.663,unemployment
AUS,2012,5.225,unemployment
AUS,2011,5.083,unemployment
AUS,2010,5.214,unemployment
IDN,2023,3.308,unemployment
IDN,2022,3.462,unemployment
IDN,2021,3.827,unemployment
IDN,2020,4.255,unemployment
IDN,2019,3.59,unemployment
IDN,2018,4.387,unemployment
IDN,2017,3.783,unemployment
IDN,2016,4.301,unemployment
IDN,2015,4.514,unemployment
IDN,2014,4.049,unemployment
IDN,2013,4.336,unemployment
IDN,2012,4.468,unemployment
IDN,2011,5.153,unemployment
IDN,2010,5.614,unemployment
MYS,2023,3.858,unemployment
MYS,2022,3.93,unemployment
MYS,2021,4.64,unemployment
MYS,2020,4.54,unemployment
MYS,2019,3.33,unemployment
MYS,2018,3.3,unemployment
MYS,2017,3.41,unemployment
MYS,2016,3.44,unemployment
MYS,2015,3.1,unemployment
MYS,2014,2.88,unemployment
MYS,2013,3.14,unemployment
MYS,2012,3.04,unemployment
MYS,2011,3.05,unemployment
MYS,2010,3.32,unemployment
NZL,2023,3.734,unemployment
NZL,2022,3.299,unemployment
NZL,2021,3.776,unemployment
NZL,2020,4.595,unemployment
NZL,2019,4.109,unemployment
NZL,2018,4.335,unemployment
NZL,2017,4.736,unemployment
NZL,2016,5.147,unemployment
NZL,2015,5.415,unemployment
NZL,2014,5.428,unemployment
NZL,2013,5.839,unemployment
NZL,2012,6.931,unemployment
NZL,2011,6.491,unemployment
NZL,2010,6.557,unemployment
PHL,2023,2.2,unemployment
PHL,2022,2.598,unemployment
PHL,2021,3.398,unemployment
PHL,2020,2.522,unemployment
PHL,2019,2.237,unemployment
PHL,2018,2.338,unemployment
PHL,2017,2.552,unemployment
PHL,2016,2.695,unemployment
PHL,2015,3.068,unemployment
PHL,2014,3.6,unemployment
PHL,2013,3.497,unemployment
PHL,2012,3.504,unemployment
PHL,2011,3.592,unemployment
PHL,2010,3.605,unemployment
SAU,2023,4.008,unemployment
SAU,2022,5.589,unemployment
SAU,2021,6.621,unemployment
SAU,2020,7.66,unemployment
SAU,2019,5.636,unemployment
SAU,2018,6.029,unemployment
SAU,2017,5.89,unemployment
SAU,2016,5.6,unemployment
SAU,2015,5.6,unemployment
SAU,2014,5.877,unemployment
SAU,2013,5.6,unemployment
SAU,2012,5.622,unemployment
SAU,2011,5.77,unemployment
SAU,2010,5.55,unemployment
THA,2023,0.733,unemployment
THA,2022,0.94,unemployment
THA,2021,1.215,unemployment
THA,2020,1.099,unemployment
THA,2019,0.716,unemployment
THA,2018,0.765,unemployment
THA,2017,0.83,unemployment
THA,2016,0.688,unemployment
THA,2015,0.597,unemployment
THA,2014,0.576,unemployment
THA,2013,0.249,unemployment
THA,2012,0.58,unemployment
THA,2011,0.66,unemployment
THA,2010,0.622,unemployment
ZAF,2023,32.098,unemployment
ZAF,2022,33.268,unemployment
ZAF,2021,34.007,unemployment
ZAF,2020,29.217,unemployment
ZAF,2019,28.468,unemployment
ZAF,2018,26.906,unemployment
ZAF,2017,27.035,unemployment
ZAF,2016,26.536,unemployment
ZAF,2015,25.149,unemployment
ZAF,2014,24.89,unemployment
ZAF,2013,24.561,unemployment
ZAF,2012,24.727,unemployment
ZAF,2011,24.639,unemployment
ZAF,2010,24.683,unemployment
EGY,2023,6.753,unemployment
EGY,2022,6.546,unemployment
EGY,2021,7.441,unemployment
EGY,2020,7.974,unemployment
EGY,2019,7.851,unemployment
EGY,2018,9.855,unemployment
EGY,2017,11.767,unemployment
EGY,2016,12.45,unemployment
EGY,2015,13.052,unemployment
EGY,2014,13.105,unemployment
EGY,2013,13.154,unemployment
EGY,2012,12.597,unemployment
EGY,2011,11.849,unemployment
EGY,2010,8.757,unemployment
ISR,2023,3.371,unemployment
ISR,2022,3.695,unemployment
ISR,2021,4.812,unemployment
ISR,2020,4.169,unemployment
ISR,2019,3.731,unemployment
ISR,2018,3.917,unemployment
ISR,2017,4.14,unemployment
ISR,2016,4.723,unemployment
ISR,2015,5.176,unemployment
ISR,2014,5.789,unemployment
ISR,2013,6.137,unemployment
ISR,2012,6.762,unemployment
ISR,2011,7.139,unemployment
ISR,2010,8.48,unemployment
KEN,2023,5.409,unemployment
KEN,2022,5.565,unemployment
KEN,2021,5.693,unemployment
KEN,2020,5.613,unemployment
KEN,2019,5.014,unemployment
KEN,2018,4.284,unemployment
KEN,2017,3.542,unemployment
KEN,2016,2.757,unemployment
KEN,2015,2.762,unemployment
KEN,2014,2.767,unemployment
KEN,2013,2.762,unemployment
KEN,2012,2.678,unemployment
KEN,2011,2.699,unemployment
KEN,2010,2.793,unemployment
MAR,2023,8.896,unemployment
MAR,2022,9.413,unemployment
MAR,2021,10.551,unemployment
MAR,2020,11.189,unemployment
MAR,2019,9.191,unemployment
MAR,2018,9.272,unemployment
MAR,2017,9.22,unemployment
MAR,2016,9.3,unemployment
MAR,2015,9.46,unemployment
MAR,2014,9.7,unemployment
MAR,2013,9.23,unemployment
MAR,2012,8.99,unemployment
MAR,2011,8.91,unemployment
MAR,2010,9.09,unemployment
ARG,2023,133.488935594175,inflation
ARG,2022,72.430757531824,inflation
ARG,2021,48.4093786255199,inflation
ARG,2020,42.0150947376509,inflation
ARG,2019,53.5483043492339,inflation
ARG,2018,34.2772237131003,inflation
ARG,2017,,inflation
ARG,2016,,inflation
ARG,2015,,inflation
ARG,2014,,inflation
ARG,2013,,inflation
ARG,2012,,inflation
ARG,2011,,inflation
ARG,2010,,inflation
BRA,2023,4.59356282283203,inflation
BRA,2022,9.28010608956872,inflation
BRA,2021,8.30165975585673,inflation
BRA,2020,3.21176803803376,inflation
BRA,2019,3.73297621216893,inflation
BRA,2018,3.66485028376728,inflation
BRA,2017,3.44637335032669,inflation
BRA,2016,8.73914352329393,inflation
BRA,2015,9.02990102416136,inflation
BRA,2014,6.32904015516138,inflation
BRA,2013,6.204310666401,inflation
BRA,2012,5.40349914036997,inflation
BRA,2011,6.6364496221309,inflation
BRA,2010,5.03872690108074,inflation
CAN,2023,3.87900159788425,inflation
CAN,2022,6.80280115341612,inflation
CAN,2021,3.39519318527527,inflation
CAN,2020,0.716999632307827,inflation
CAN,2019,1.94926902411592,inflation
CAN,2018,2.26822567248103,inflation
CAN,2017,1.59688412852976,inflation
CAN,2016,1.42875954701085,inflation
CAN,2015,1.12524136094277,inflation
CAN,2014,1.90663590717861,inflation
CAN,2013,0.938291897815316,inflation
CAN,2012,1.51567823124516,inflation
CAN,2011,2.91213508872351,inflation
CAN,2010,1.77687154092627,inflation
CHL,2023,7.58168251407962,inflation
CHL,2022,11.6438667110559,inflation
CHL,2021,4.52456838259143,inflation
CHL,2020,3.04549084804326,inflation
CHL,2019,2.55754475703326,inflation
CHL,2018,2.43488981353057,inflation
CHL,2017,2.18271846868519,inflation
CHL,2016,3.78619355893118,inflation
CHL,2015,4.34877353217044,inflation
CHL,2014,4.71867527854671,inflation
CHL,2013,1.7895555398459,inflation
CHL,2012,3.00744840213047,inflation
CHL,2011,3.34121694259302,inflation
CHL,2010,1.4107110795432,inflation
COL,2023,11.7359044948689,inflation
COL,2022,10.1772313546166,inflation
COL,2021,3.49505757399448,inflation
COL,2020,2.52663500084706,inflation
COL,2019,3.52301932741446,inflation
COL,2018,3.24056932930569,inflation
COL,2017,4.3143132569501,inflation
COL,2016,7.51346024627674,inflation
COL,2015,4.98983115849529,inflation
COL,2014,2.89883787761737,inflation
COL,2013,2.01699224310383,inflation
COL,2012,3.16930188840055,inflation
COL,2011,3.4150334477625,inflation
COL,2010,2.27200227892008,inflation
MEX,2023,5.52796087314389,inflation
MEX,2022,7.8962761916855,inflation
MEX,2021,5.68920847683753,inflation
MEX,2020,3.39683415570006,inflation
MEX,2019,3.63596142127046,inflation
MEX,2018,4.89935015356551,inflation
MEX,2017,6.04145724018986,inflation
MEX,2016,2.8217078474766,inflation
MEX,2015,2.72064064964023,inflation
MEX,2014,4.01861608078679,inflation
MEX,2013,3.80639069747204,inflation
MEX,2012,4.11150981070289,inflation
MEX,2011,3.40737824605742,inflation
MEX,2010,4.15672722680174,inflation
PER,2023,6.45561348369586,inflation
PER,2022,8.33370630096231,inflation
PER,2021,4.27166381536798,inflation
PER,2020,2.00241205759292,inflation
PER,2019,2.25212191358027,inflation
PER,2018,1.50915423024742,inflation
PER,2017,2.99490045809443,inflation
PER,2016,3.55717663556279,inflation
PER,2015,3.39809194746308,inflation
PER,2014,3.41194579807465,inflation
PER,2013,2.76789666082002,inflation
PER,2012,3.61121294940163,inflation
PER,2011,3.36931095333853,inflation
PER,2010,1.52832059732901,inflation
USA,2023,4.11633838374488,inflation
USA,2022,8.00279982052121,inflation
USA,2021,4.69785886363742,inflation
USA,2020,1.23358439630629,inflation
USA,2019,1.81221007526021,inflation
USA,2018,2.44258329692817,inflation
USA,2017,2.13011000365961,inflation
USA,2016,1.26158320570536,inflation
USA,2015,0.118627135552451,inflation
USA,2014,1.62222297740817,inflation
USA,2013,1.46483265562717,inflation
USA,2012,2.06933726526067,inflation
USA,2011,3.156841568622,inflation
USA,2010,1.6400434423899,inflation
CZE,2023,10.6612601372427,inflation
CZE,2022,15.100165146837,inflation
CZE,2021,3.83984491500146,inflation
CZE,2020,3.1612952849781,inflation
CZE,2019,2.84787595918041,inflation
CZE,2018,2.14949494949492,inflation
CZE,2017,2.4505339846014,inflation
CZE,2016,0.683504209385702,inflation
CZE,2015,0.309364548494975,inflation
CZE,2014,0.343988589646793,inflation
CZE,2013,1.4382978723404,inflation
CZE,2012,3.28762306610411,inflation
CZE,2011,1.9172191363555,inflation
CZE,2010,1.47272727272728,inflation
DEU,2023,5.94643667725823,inflation
DEU,2022,6.87257438551096,inflation
DEU,2021,3.06666666666673,inflation
DEU,2020,0.144877925813981,inflation
DEU,2019,1.44565976888253,inflation
DEU,2018,1.73216879766941,inflation
DEU,2017,1.50949485109628,inflation
DEU,2016,0.491747008445174,inflation
DEU,2015,0.514426137125456,inflation
DEU,2014,0.906794000434245,inflation
DEU,2013,1.50472330251876,inflation
DEU,2012,2.00848884782956,inflation
DEU,2011,2.07517283735874,inflation
DEU,2010,1.1038103778926,inflation
ESP,2023,3.53236133492432,inflation
ESP,2022,8.39057634118626,inflation
ESP,2021,3.09313511976419,inflation
ESP,2020,-0.322753017299739,inflation
ESP,2019,0.699518994458738,inflation
ESP,2018,1.6749813686379,inflation
ESP,2017,1.95607633363963,inflation
ESP,2016,-0.202598000426452,inflation
ESP,2015,-0.500365709903242,inflation
ESP,2014,-0.151114837527234,inflation
ESP,2013,1.40858109183018,inflation
ESP,2012,2.44612782366808,inflation
ESP,2011,3.1961018883379,inflation
ESP,2010,1.79986457728768,inflation
FRA,2023,4.8783572650844,inflation
FRA,2022,5.22236748369725,inflation
FRA,2021,1.64233141038393,inflation
FRA,2020,0.476498852725065,inflation
FRA,2019,1.10825492288293,inflation
FRA,2018,1.85081508315492,inflation
FRA,2017,1.03228275064681,inflation
FRA,2016,0.183334861123764,inflation
FRA,2015,0.0375143805125181,inflation
FRA,2014,0.507758822937989,inflation
FRA,2013,0.863715497861804,inflation
FRA,2012,1.95419531613509,inflation
FRA,2011,2.11159795175,inflation
FRA,2010,1.53112270420918,inflation
GBR,2023,6.79396706793963,inflation
GBR,2022,7.92204883147902,inflation
GBR,2021,2.51837109614213,inflation
GBR,2020,0.989486703772491,inflation
GBR,2019,1.73810460086513,inflation
GBR,2018,2.29283990345938,inflation
GBR,2017,2.55775577557747,inflation
GBR,2016,1.0084173681141,inflation
GBR,2015,0.36804684232536,inflation
GBR,2014,1.45112016293279,inflation
GBR,2013,2.29166666666659,inflation
GBR,2012,2.5732347965453,inflation
GBR,2011,3.8561124468282,inflation
GBR,2010,2.49265472467065,inflation
ITA,2023,5.62219442195901,inflation
ITA,2022,8.20128991161718,inflation
ITA,2021,1.87378325762481,inflation
ITA,2020,-0.13770757391651,inflation
ITA,2019,0.611246943765304,inflation
ITA,2018,1.13748763600391,inflation
ITA,2017,1.22653316645812,inflation
ITA,2016,-0.09401665691575,inflation
ITA,2015,0.0387903996579733,inflation
ITA,2014,0.241047429826756,inflation
ITA,2013,1.21999342274306,inflation
ITA,2012,3.04136333226775,inflation
ITA,2011,2.78063272879323,inflation
ITA,2010,1.52551602118248,inflation
NLD,2023,3.83839354342808,inflation
NLD,2022,10.0012078753473,inflation
NLD,2021,2.67572008805385,inflation
NLD,2020,1.27246037789161,inflation
NLD,2019,2.63369910249591,inflation
NLD,2018,1.70349794744479,inflation
NLD,2017,1.38145871407216,inflation
NLD,2016,0.316666666666652,inflation
NLD,2015,0.600248147278776,inflation
NLD,2014,0.976035079699679,inflation
NLD,2013,2.50689852657875,inflation
NLD,2012,2.45554765291614,inflation
NLD,2011,2.34107017751373,inflation
NLD,2010,1.27530569556679,inflation
POL,2023,11.5289127961105,inflation
POL,2022,14.4294507575758,inflation
POL,2021,5.05502704719272,inflation
POL,2020,3.37446972618589,inflation
POL,2019,2.22747880938291,inflation
POL,2018,1.81295156542689,inflation
POL,2017,2.07593553673859,inflation
POL,2016,-0.664767331433962,inflation
POL,2015,-0.874125874125862,inflation
POL,2014,0.0538213132399802,inflation
POL,2013,0.991982606332335,inflation
POL,2012,3.56037151702793,inflation
POL,2011,4.23940149625932,inflation
POL,2010,2.58069370250548,inflation
CHE,2023,2.13540088016386,inflation
CHE,2022,2.83502798644451,inflation
CHE,2021,0.581814168489855,inflation
CHE,2020,-0.725874933313402,inflation
CHE,2019,0.362886179940674,inflation
CHE,2018,0.936335464113572,inflation
CHE,2017,0.533787839825876,inflation
CHE,2016,-0.434618664285814,inflation
CHE,2015,-1.14390867228178,inflation
CHE,2014,-0.0132025387515945,inflation
CHE,2013,-0.217323155115672,inflation
CHE,2012,-0.692552018105163,inflation
CHE,2011,0.2313492076509,inflation
CHE,2010,0.688238707219974,inflation
CHN,2023,0.23483682889305,inflation
CHN,2022,1.9735755573905,inflation
CHN,2021,0.981015135544881,inflation
CHN,2020,2.41942189457782,inflation
CHN,2019,2.89923416358226,inflation
CHN,2018,2.07479039965576,inflation
CHN,2017,1.59313600071435,inflation
CHN,2016,2.00000182191943,inflation
CHN,2015,1.43702380935654,inflation
CHN,2014,1.9216416278852,inflation
CHN,2013,2.62105001748114,inflation
CHN,2012,2.6195243264554,inflation
CHN,2011,5.55389892257493,inflation
CHN,2010,3.17532475269199,inflation
IND,2023,5.64914318907925,inflation
IND,2022,6.69903414079852,inflation
IND,2021,5.13140747176369,inflation
IND,2020,6.62343677628535,inflation
IND,2019,3.72950573539129,inflation
IND,2018,3.9388264669163,inflation
IND,2017,3.32817337461298,inflation
IND,2016,4.94821634062141,inflation
IND,2015,4.90697344127256,inflation
IND,2014,6.66565671867899,inflation
IND,2013,10.0178784746102,inflation
IND,2012,9.47899691419801,inflation
IND,2011,8.91179336483371,inflation
IND,2010,11.9893899204244,inflation
JPN,2023,3.26813365933163,inflation
JPN,2022,2.49770278172255,inflation
JPN,2021,-0.233352779398264,inflation
JPN,2020,-0.024995834027731,inflation
JPN,2019,0.46877615938395,inflation
JPN,2018,0.989094598021848,inflation
JPN,2017,0.484199796126385,inflation
JPN,2016,-0.127258844489754,inflation
JPN,2015,0.795279630579839,inflation
JPN,2014,2.75922671353253,inflation
JPN,2013,0.335037912184741,inflation
JPN,2012,-0.0440645104432602,inflation
JPN,2011,-0.27245561610124,inflation
JPN,2010,-0.728243207517779,inflation
KOR,2023,3.5974562502901,inflation
KOR,2022,5.08951365062842,inflation
KOR,2021,2.49833333333339,inflation
KOR,2020,0.537288023411737,inflation
KOR,2019,0.383000303608136,inflation
KOR,2018,1.47583935002645,inflation
KOR,2017,1.94433230786366,inflation
KOR,2016,0.971685739912168,inflation
KOR,2015,0.70633177245575,inflation
KOR,2014,1.27477446401322,inflation
KOR,2013,1.30134754547413,inflation
KOR,2012,2.18707104433314,inflation
KOR,2011,4.0259650043609,inflation
KOR,2010,2.93928652655686,inflation
NOR,2023,5.51784987104659,inflation
NOR,2022,5.76412317852272,inflation
NOR,2021,3.48388055266669,inflation
NOR,2020,1.28658490707996,inflation
NOR,2019,2.16773003305411,inflation
NOR,2018,2.76483134528797,inflation
NOR,2017,1.87510059552545,inflation
NOR,2016,3.55000000000007,inflation
NOR,2015,2.17113665389527,inflation
NOR,2014,2.04170286707211,inflation
NOR,2013,2.12048620353112,inflation
NOR,2012,0.696864111498263,inflation
NOR,2011,1.2849515880916,inflation
NOR,2010,2.41890639481003,inflation
SWE,2023,8.5486248974891,inflation
SWE,2022,8.36929098869189,inflation
SWE,2021,2.16319736447143,inflation
SWE,2020,0.497367318853572,inflation
SWE,2019,1.78415097403835,inflation
SWE,2018,1.95353530127028,inflation
SWE,2017,1.79449904665599,inflation
SWE,2016,0.984269244577992,inflation
SWE,2015,-0.0467847449832812,inflation
SWE,2014,-0.179638494114635,inflation
SWE,2013,-0.044292970148682,inflation
SWE,2012,0.888377506923735,inflation
SWE,2011,2.9611507382214,inflation
SWE,2010,1.15798802715626,inflation
TUR,2023,53.8594087593315,inflation
TUR,2022,72.3088359891207,inflation
TUR,2021,19.5964926913324,inflation
TUR,2020,12.2789574462574,inflation
TUR,2019,15.1768215720022,inflation
TUR,2018,16.3324638988929,inflation
TUR,2017,11.1443110840764,inflation
TUR,2016,7.7751341532833,inflation
TUR,2015,7.67085364845885,inflation
TUR,2014,8.85457271364316,inflation
TUR,2013,7.49309030547693,inflation
TUR,2012,8.89156996512163,inflation
TUR,2011,6.471879671151,inflation
TUR,2010,8.56644420552976,inflation
AUS,2023,5.59701792296707,inflation
AUS,2022,6.59409658717841,inflation
AUS,2021,2.86391284709318,inflation
AUS,2020,0.846900734607273,inflation
AUS,2019,1.610770929127,inflation
AUS,2018,1.91140002818579,inflation
AUS,2017,1.94864309065653,inflation
AUS,2016,1.27699365720306,inflation
AUS,2015,1.50836803138463,inflation
AUS,2014,2.48792932080492,inflation
AUS,2013,2.44988248109259,inflation
AUS,2012,1.76278299052228,inflation
AUS,2011,3.30384784681081,inflation
AUS,2010,2.9183370211222,inflation
IDN,2023,3.66938654859761,inflation
IDN,2022,4.20946463714784,inflation
IDN,2021,1.56007882983334,inflation
IDN,2020,1.91983527270793,inflation
IDN,2019,3.03058460941661,inflation
IDN,2018,3.19834755924996,inflation
IDN,2017,3.80879857691949,inflation
IDN,2016,3.52580452815451,inflation
IDN,2015,6.36312061196646,inflation
IDN,2014,6.39492882396559,inflation
IDN,2013,6.41249457900391,inflation
IDN,2012,4.2795142691943,inflation
IDN,2011,5.35604849112582,inflation
IDN,2010,5.13420639015885,inflation
MYS,2023,2.48886560125754,inflation
MYS,2022,3.37869862549928,inflation
MYS,2021,2.47710241465447,inflation
MYS,2020,-1.1387021539305,inflation
MYS,2019,0.662891865764326,inflation
MYS,2018,0.884709160571235,inflation
MYS,2017,3.87120115774237,inflation
MYS,2016,2.09056659525742,inflation
MYS,2015,2.10438980238359,inflation
MYS,2014,3.14299050879095,inflation
MYS,2013,2.10501231233612,inflation
MYS,2012,1.66357102479206,inflation
MYS,2011,3.1744709215131,inflation
MYS,2010,1.62285235577035,inflation
NZL,2023,5.73316283034957,inflation
NZL,2022,7.17222476016441,inflation
NZL,2021,3.94112060778728,inflation
NZL,2020,1.71456170007245,inflation
NZL,2019,1.61963190184048,inflation
NZL,2018,1.59829703801696,inflation
NZL,2017,1.85078767452536,inflation
NZL,2016,0.646240284454524,inflation
NZL,2015,0.292704628136101,inflation
NZL,2014,1.227507505974,inflation
NZL,2013,1.13442266445817,inflation
NZL,2012,1.05991318445632,inflation
NZL,2011,4.0279066739204,inflation
NZL,2010,2.30202385958572,inflation
PHL,2023,5.97802515541409,inflation
PHL,2022,5.82115811213955,inflation
PHL,2021,3.92718022100332,inflation
PHL,2020,2.3931623931624,inflation
PHL,2019,2.39206534422404,inflation
PHL,2018,5.30934661627707,inflation
PHL,2017,2.85318772590947,inflation
PHL,2016,1.25369880080982,inflation
PHL,2015,0.674192536845408,inflation
PHL,2014,3.59782343864211,inflation
PHL,2013,2.58268766141795,inflation
PHL,2012,3.02696391124796,inflation
PHL,2011,4.7184170471842,inflation
PHL,2010,3.78983634797591,inflation
SAU,2023,2.32708518362706,inflation
SAU,2022,2.47407371925372,inflation
SAU,2021,3.06328988941548,inflation
SAU,2020,3.37234961012303,inflation
SAU,2019,-1.19298644533328,inflation
SAU,2018,2.46594308994843,inflation
SAU,2017,-0.834845735027162,inflation
SAU,2016,2.05347076823965,inflation
SAU,2015,1.22269318552328,inflation
SAU,2014,2.24185348779063,inflation
SAU,2013,3.51104209799866,inflation
SAU,2012,2.86627029905053,inflation
SAU,2011,5.8262163739404,inflation
SAU,2010,5.33941733020905,inflation
THA,2023,8.47805174421543,inflation
THA,2022,-1.61068030486688,inflation
THA,2021,1.23039541318384,inflation
THA,2020,-0.845937147357041,inflation
THA,2019,0.706728601314311,inflation
THA,2018,1.06389754183024,inflation
THA,2017,0.665631893135106,inflation
THA,2016,0.188149704448143,inflation
THA,2015,-0.900424963291569,inflation
THA,2014,1.8951418189878,inflation
THA,2013,2.18488618530687,inflation
THA,2012,3.01489950334985,inflation
THA,2011,3.80879058139634,inflation
THA,2010,3.24758842443723,inflation
ZAF,2023,6.0752438457966,inflation
ZAF,2022,7.03987272546482,inflation
ZAF,2021,4.61874544887136,inflation
ZAF,2020,3.23238831615113,inflation
ZAF,2019,4.10285075461156,inflation
ZAF,2018,4.50987264867388,inflation
ZAF,2017,5.18618655524149,inflation
ZAF,2016,6.60290842394872,inflation
ZAF,2015,4.51869094892506,inflation
ZAF,2014,6.13282953059149,inflation
ZAF,2013,5.78016910069176,inflation
ZAF,2012,5.73797139141739,inflation
ZAF,2011,5.0008533879502,inflation
ZAF,2010,4.06749555950263,inflation
EGY,2023,33.8847763115546,inflation
EGY,2022,13.8956609775177,inflation
EGY,2021,5.21404940513042,inflation
EGY,2020,5.04493288977538,inflation
EGY,2019,9.15279959324803,inflation
EGY,2018,14.4014657807421,inflation
EGY,2017,29.5066083940038,inflation
EGY,2016,13.8136062148289,inflation
EGY,2015,10.370490343517,inflation
EGY,2014,10.0702154687481,inflation
EGY,2013,9.4697198106492,inflation
EGY,2012,7.11172943343082,inflation
EGY,2011,10.0649259874818,inflation
EGY,2010,11.2651882653185,inflation
ISR,2023,4.22522603168918,inflation
ISR,2022,4.41162725488371,inflation
ISR,2021,1.47965474722561,inflation
ISR,2020,-0.575254620897756,inflation
ISR,2019,0.817645940292794,inflation
ISR,2018,0.805060379528526,inflation
ISR,2017,0.249807840123008,inflation
ISR,2016,-0.535168195718695,inflation
ISR,2015,-0.617342577642765,inflation
ISR,2014,0.467557251908503,inflation
ISR,2013,1.58976347421476,inflation
ISR,2012,1.67553715750052,inflation
ISR,2011,3.48837209302323,inflation
ISR,2010,2.70270270270273,inflation
KEN,2023,7.67139634029402,inflation
KEN,2022,7.65986268272224,inflation
KEN,2021,6.10793603659176,inflation
KEN,2020,5.40516207933392,inflation
KEN,2019,5.23963795764792,inflation
KEN,2018,4.6898064677633,inflation
KEN,2017,8.00564967709945,inflation
KEN,2016,6.29724953814625,inflation
KEN,2015,6.58215429284779,inflation
KEN,2014,6.87815499275949,inflation
KEN,2013,5.71749357037733,inflation
KEN,2012,9.37777003547598,inflation
KEN,2011,14.0224913014704,inflation
KEN,2010,3.96138889115385,inflation
MAR,2023,6.09114152504141,inflation
MAR,2022,6.65704202759067,inflation
MAR,2021,1.40195883962006,inflation
MAR,2020,0.705968661338261,inflation
MAR,2019,0.303386036590383,inflation
MAR,2018,1.80391671141896,inflation
MAR,2017,0.754663249323619,inflation
MAR,2016,1.63531114327064,inflation
MAR,2015,1.5579071134626,inflation
MAR,2014,0.442310053557048,inflation
MAR,2013,1.88065466724086,inflation
MAR,2012,1.28712240079219,inflation
MAR,2011,0.9069249096918,inflation
MAR,2010,0.993557401226392,inflation
ARG,2023,-17.2542810000346,real_interest
ARG,2022,-9.81968419782903,real_interest
ARG,2021,-11.8618379621172,real_interest
ARG,2020,-7.63517421630372,real_interest
ARG,2019,12.1039696489827,real_interest
ARG,2018,4.56440909873508,real_interest
ARG,2017,0.455892832330463,real_interest
ARG,2016,-7.00603984304116,real_interest
ARG,2015,-1.31470878459509,real_interest
ARG,2014,-11.6006987702162,real_interest
ARG,2013,-5.48583918237907,real_interest
ARG,2012,-6.74819555440488,real_interest
ARG,2011,-7.77340523607891,real_interest
ARG,2010,-8.56602872006595,real_interest
BRA,2023,36.554470620355,real_interest
BRA,2022,28.3960928180404,real_interest
BRA,2021,15.0108849846561,real_interest
BRA,2020,21.197179669345,real_interest
BRA,2019,31.9030727574424,real_interest
BRA,2018,33.1023342525489,real_interest
BRA,2017,41.7138078837267,real_interest
BRA,2016,40.6983614299632,real_interest
BRA,2015,33.8323439713292,real_interest
BRA,2014,22.4036724327293,real_interest
BRA,2013,18.498844416907,real_interest
BRA,2012,26.5820905353339,real_interest
BRA,2011,32.8334595056712,real_interest
BRA,2010,29.1158055183637,real_interest
CAN,2023,,real_interest
CAN,2022,,real_interest
CAN,2021,,real_interest
CAN,2020,,real_interest
CAN,2019,,real_interest
CAN,2018,,real_interest
CAN,2017,0.125752246427379,real_interest
CAN,2016,1.96890522906262,real_interest
CAN,2015,3.6745334582912,real_interest
CAN,2014,1.03863897928326,real_interest
CAN,2013,1.23771666507039,real_interest
CAN,2012,1.76011030499221,real_interest
CAN,2011,-0.236773145019819,real_interest
CAN,2010,-0.237699919212513,real_interest
CHL,2023,,real_interest
CHL,2022,,real_interest
CHL,2021,,real_interest
CHL,2020,,real_interest
CHL,2019,,real_interest
CHL,2018,2.54731216179178,real_interest
CHL,2017,-0.262655305184403,real_interest
CHL,2016,0.982913248021622,real_interest
CHL,2015,0.534100501734634,real_interest
CHL,2014,2.1210253100164,real_interest
CHL,2013,6.84632643680272,real_interest
CHL,2012,9.22337834222408,real_interest
CHL,2011,5.58745776542778,real_interest
CHL,2010,-3.76879580128202,real_interest
COL,2023,13.1631262778233,real_interest
COL,2022,0.767867660015928,real_interest
COL,2021,1.42458739401644,real_interest
COL,2020,8.24660761552955,real_interest
COL,2019,7.46754725861924,real_interest
COL,2018,7.15306948982847,real_interest
COL,2017,8.13449112757921,real_interest
COL,2016,9.03209505722643,real_interest
COL,2015,8.78547373201402,real_interest
COL,2014,8.44294935194344,real_interest
COL,2013,8.90797441037777,real_interest
COL,2012,8.65535095377731,real_interest
COL,2011,4.54296484242238,real_interest
COL,2010,5.3722240266131,real_interest
MEX,2023,6.62929489524062,real_interest
MEX,2022,1.41798509602471,real_interest
MEX,2021,0.386354456627096,real_interest
MEX,2020,1.64584208356016,real_interest
MEX,2019,3.93998795588135,real_interest
MEX,2018,2.69522693587484,real_interest
MEX,2017,0.717765161995541,real_interest
MEX,2016,-1.24759733279354,real_interest
MEX,2015,0.207059192646057,real_interest
MEX,2014,-0.782518932664159,real_interest
MEX,2013,2.52394547437684,real_interest
MEX,2012,0.132595617614182,real_interest
MEX,2011,-0.718087414556666,real_interest
MEX,2010,0.869831510540792,real_interest
PER,2023,,real_interest
PER,2022,7.73476381927593,real_interest
PER,2021,0.832240862309597,real_interest
PER,2020,8.888580606911,real_interest
PER,2019,12.2832644568721,real_interest
PER,2018,11.9886777000573,real_interest
PER,2017,12.7122035671679,real_interest
PER,2016,12.9852567811511,real_interest
PER,2015,13.0638220152775,real_interest
PER,2014,12.994785090205,real_interest
PER,2013,16.903308069059,real_interest
PER,2012,17.8200224863401,real_interest
PER,2011,11.1780878633624,real_interest
PER,2010,12.5494733748355,real_interest
USA,2023,,real_interest
USA,2022,,real_interest
USA,2021,-1.08716753956254,real_interest
USA,2020,2.84614797883625,real_interest
USA,2019,3.71968036171318,real_interest
USA,2018,2.46243186978415,real_interest
USA,2017,2.37161907294657,real_interest
USA,2016,2.63773113762977,real_interest
USA,2015,2.4751634842667,real_interest
USA,2014,1.58866664005878,real_interest
USA,2013,1.7482101512619,real_interest
USA,2012,1.362424650544,real_interest
USA,2011,1.16287972647355,real_interest
USA,2010,2.01031249832462,real_interest
CZE,2023,-3.60514836252152,real_interest
CZE,2022,-4.09132848148826,real_interest
CZE,2021,-0.800024636625989,real_interest
CZE,2020,-1.12128534113106,real_interest
CZE,2019,-0.1495413565176,real_interest
CZE,2018,0.708328255014696,real_interest
CZE,2017,1.87456261929575,real_interest
CZE,2016,2.38051334351634,real_interest
CZE,2015,3.01082711223738,real_interest
CZE,2014,1.88711079614098,real_interest
CZE,2013,3.65186851296449,real_interest
CZE,2012,4.00947030915855,real_interest
CZE,2011,5.95212889532356,real_interest
CZE,2010,6.404026181808,real_interest
DEU,2023,,real_interest
DEU,2022,,real_interest
DEU,2021,,real_interest
DEU,2020,,real_interest
DEU,2019,,real_interest
DEU,2018,,real_interest
DEU,2017,,real_interest
DEU,2016,,real_interest
DEU,2015,,real_interest
DEU,2014,,real_interest
DEU,2013,,real_interest
DEU,2012,,real_interest
DEU,2011,,real_interest
DEU,2010,,real_interest
ESP,2023,,real_interest
ESP,2022,,real_interest
ESP,2021,,real_interest
ESP,2020,,real_interest
ESP,2019,,real_interest
ESP,2018,,real_interest
ESP,2017,,real_interest
ESP,2016,,real_interest
ESP,2015,,real_interest
ESP,2014,,real_interest
ESP,2013,,real_interest
ESP,2012,,real_interest
ESP,2011,,real_interest
ESP,2010,,real_interest
FRA,2023,,real_interest
FRA,2022,,real_interest
FRA,2021,,real_interest
FRA,2020,,real_interest
FRA,2019,,real_interest
FRA,2018,,real_interest
FRA,2017,,real_interest
FRA,2016,,real_interest
FRA,2015,,real_interest
FRA,2014,,real_interest
FRA,2013,,real_interest
FRA,2012,,real_interest
FRA,2011,,real_interest
FRA,2010,,real_interest
GBR,2023,,real_interest
GBR,2022,,real_interest
GBR,2021,,real_interest
GBR,2020,,real_interest
GBR,2019,,real_interest
GBR,2018,,real_interest
GBR,2017,,real_interest
GBR,2016,,real_interest
GBR,2015,,real_interest
GBR,2014,-1.0787978449774,real_interest
GBR,2013,-1.62209771601829,real_interest
GBR,2012,-1.03179878401941,real_interest
GBR,2011,-1.92821635664364,real_interest
GBR,2010,-0.817511776035438,real_interest
ITA,2023,-1.22864122337094,real_interest
ITA,2022,-1.15112854557422,real_interest
ITA,2021,0.733185661773553,real_interest
ITA,2020,0.739269290959431,real_interest
ITA,2019,1.53937572556579,real_interest
ITA,2018,1.5923708555414,real_interest
ITA,2017,2.27486413860821,real_interest
ITA,2016,2.22028189161628,real_interest
ITA,2015,3.3204815735536,real_interest
ITA,2014,3.92865782875133,real_interest
ITA,2013,3.97364793630999,real_interest
ITA,2012,3.46119744979934,real_interest
ITA,2011,2.82160353555801,real_interest
ITA,2010,3.41342018267074,real_interest
NLD,2023,,real_interest
NLD,2022,,real_interest
NLD,2021,,real_interest
NLD,2020,,real_interest
NLD,2019,,real_interest
NLD,2018,,real_interest
NLD,2017,,real_interest
NLD,2016,,real_interest
NLD,2015,,real_interest
NLD,2014,,real_interest
NLD,2013,0.351053253772373,real_interest
NLD,2012,0.29198946071416,real_interest
NLD,2011,1.75309018612449,real_interest
NLD,2010,1.03239437643411,real_interest
POL,2023,,real_interest
POL,2022,,real_interest
POL,2021,,real_interest
POL,2020,,real_interest
POL,2019,,real_interest
POL,2018,,real_interest
POL,2017,,real_interest
POL,2016,,real_interest
POL,2015,,real_interest
POL,2014,,real_interest
POL,2013,,real_interest
POL,2012,,real_interest
POL,2011,,real_interest
POL,2010,,real_interest
CHE,2023,1.95038923018577,real_interest
CHE,2022,-0.381723877020374,real_interest
CHE,2021,1.30116110583325,real_interest
CHE,2020,3.35750970986686,real_interest
CHE,2019,2.73966457945977,real_interest
CHE,2018,1.84900465311309,real_interest
CHE,2017,3.00636749469891,real_interest
CHE,2016,3.24890889407591,real_interest
CHE,2015,3.99644735985506,real_interest
CHE,2014,3.36510222766569,real_interest
CHE,2013,2.77842211187275,real_interest
CHE,2012,2.62294174433531,real_interest
CHE,2011,2.73934663988563,real_interest
CHE,2010,2.41305009083123,real_interest
CHN,2023,4.88038486696444,real_interest
CHN,2022,2.36988583421333,real_interest
CHN,2021,-0.118557234530241,real_interest
CHN,2020,3.79985989492251,real_interest
CHN,2019,2.99509285161556,real_interest
CHN,2018,0.852537111572747,real_interest
CHN,2017,0.19585733630837,real_interest
CHN,2016,2.83073632160298,real_interest
CHN,2015,4.20696426973205,real_interest
CHN,2014,4.46024340812095,real_interest
CHN,2013,3.61884518177429,real_interest
CHN,2012,3.51038465814056,real_interest
CHN,2011,-1.34800592549109,real_interest
CHN,2010,-1.04598657931298,real_interest
IND,2023,,real_interest
IND,2022,2.52131544946588,real_interest
IND,2021,0.316945144211866,real_interest
IND,2020,4.13599957786408,real_interest
IND,2019,6.89487542729716,real_interest
IND,2018,5.36166638954869,real_interest
IND,2017,5.32760886237311,real_interest
IND,2016,6.2327114148242,real_interest
IND,2015,7.55648841353986,real_interest
IND,2014,6.69517609043592,real_interest
IND,2013,3.86599286270871,real_interest
IND,2012,2.47352048880901,real_interest
IND,2011,1.31798086194015,real_interest
IND,2010,-1.98385922139866,real_interest
JPN,2023,,real_interest
JPN,2022,,real_interest
JPN,2021,,real_interest
JPN,2020,,real_interest
JPN,2019,,real_interest
JPN,2018,,real_interest
JPN,2017,1.06914440735818,real_interest
JPN,2016,0.622192760322802,real_interest
JPN,2015,-0.948441229747697,real_interest
JPN,2014,-0.459381591769699,real_interest
JPN,2013,1.66402193299863,real_interest
JPN,2012,2.18007652802857,real_interest
JPN,2011,3.1744896870391,real_interest
JPN,2010,3.54576191518366,real_interest
KOR,2023,3.08772627466291,real_interest
KOR,2022,2.44052857732634,real_interest
KOR,2021,-0.287216232726007,real_interest
KOR,2020,1.19550220518032,real_interest
KOR,2019,4.09560933285802,real_interest
KOR,2018,3.07847583379285,real_interest
KOR,2017,1.42899755923416,real_interest
KOR,2016,1.27867160404439,real_interest
KOR,2015,0.295335527644416,real_interest
KOR,2014,3.17863075274962,real_interest
KOR,2013,3.52829393471496,real_interest
KOR,2012,4.05140294190715,real_interest
KOR,2011,4.42580144247274,real_interest
KOR,2010,2.71883334374472,real_interest
NOR,2023,18.4261670599042,real_interest
NOR,2022,-19.6029294934185,real_interest
NOR,2021,-14.922876785153,real_interest
NOR,2020,5.34941943034869,real_interest
NOR,2019,3.80513912675513,real_interest
NOR,2018,-3.57596654095455,real_interest
NOR,2017,-1.03296139607027,real_interest
NOR,2016,4.74390945028618,real_interest
NOR,2015,6.4863764717603,real_interest
NOR,2014,3.94314737872022,real_interest
NOR,2013,1.75202764781328,real_interest
NOR,2012,,real_interest
NOR,2011,,real_interest
NOR,2010,,real_interest
SWE,2023,,real_interest
SWE,2022,,real_interest
SWE,2021,,real_interest
SWE,2020,,real_interest
SWE,2019,,real_interest
SWE,2018,,real_interest
SWE,2017,,real_interest
SWE,2016,,real_interest
SWE,2015,,real_interest
SWE,2014,,real_interest
SWE,2013,,real_interest
SWE,2012,,real_interest
SWE,2011,,real_interest
SWE,2010,,real_interest
TUR,2023,,real_interest
TUR,2022,,real_interest
TUR,2021,,real_interest
TUR,2020,,real_interest
TUR,2019,,real_interest
TUR,2018,,real_interest
TUR,2017,,real_interest
TUR,2016,,real_interest
TUR,2015,,real_interest
TUR,2014,,real_interest
TUR,2013,,real_interest
TUR,2012,,real_interest
TUR,2011,,real_interest
TUR,2010,,real_interest
AUS,2023,,real_interest
AUS,2022,,real_interest
AUS,2021,,real_interest
AUS,2020,,real_interest
AUS,2019,1.56982320729507,real_interest
AUS,2018,3.35275994582846,real_interest
AUS,2017,1.54300485864138,real_interest
AUS,2016,6.13556882319326,real_interest
AUS,2015,6.24156802765539,real_interest
AUS,2014,4.46963335705945,real_interest
AUS,2013,6.31873407967245,real_interest
AUS,2012,5.08629843609618,real_interest
AUS,2011,1.44878757207191,real_interest
AUS,2010,6.04356005483095,real_interest
IDN,2023,7.28506359409343,real_interest
IDN,2022,-0.957376340510307,real_interest
IDN,2021,2.7532239499583,real_interest
IDN,2020,9.98592671987596,real_interest
IDN,2019,8.62940479031397,real_interest
IDN,2018,6.47124983937938,real_interest
IDN,2017,6.50156399609039,real_interest
IDN,2016,9.2244323441321,real_interest
IDN,2015,8.34991063469474,real_interest
IDN,2014,6.79211858069728,real_interest
IDN,2013,6.37493124212137,real_interest
IDN,2012,7.75018856489028,real_interest
IDN,2011,4.59437674883757,real_interest
IDN,2010,-1.74609753559601,real_interest
MYS,2023,7.30135969525267,real_interest
MYS,2022,-2.2468071304743,real_interest
MYS,2021,-2.11195861208843,real_interest
MYS,2020,4.80149199718223,real_interest
MYS,2019,4.80161718618398,real_interest
MYS,2018,4.27704807389124,real_interest
MYS,2017,0.798926040327277,real_interest
MYS,2016,2.82594518260627,real_interest
MYS,2015,3.30703770408129,real_interest
MYS,2014,2.06851821643173,real_interest
MYS,2013,4.46753081745693,real_interest
MYS,2012,3.7484193736755,real_interest
MYS,2011,-0.471868633960644,real_interest
MYS,2010,-2.11327732642702,real_interest
NZL,2023,,real_interest
NZL,2022,,real_interest
NZL,2021,,real_interest
NZL,2020,,real_interest
NZL,2019,,real_interest
NZL,2018,,real_interest
NZL,2017,1.10541946348065,real_interest
NZL,2016,2.53890262951705,real_interest
NZL,2015,4.23651039702901,real_interest
NZL,2014,5.33267299821282,real_interest
NZL,2013,1.2955107017154,real_interest
NZL,2012,6.01352181074188,real_interest
NZL,2011,3.54838795075054,real_interest
NZL,2010,3.00090695832905,real_interest
PHL,2023,,real_interest
PHL,2022,,real_interest
PHL,2021,,real_interest
PHL,2020,,real_interest
PHL,2019,6.35446159033897,real_interest
PHL,2018,2.29210640379307,real_interest
PHL,2017,3.2319992694047,real_interest
PHL,2016,4.30655097833464,real_interest
PHL,2015,6.34358648995616,real_interest
PHL,2014,2.39960024337773,real_interest
PHL,2013,3.63093412149458,real_interest
PHL,2012,3.61326895733707,real_interest
PHL,2011,2.64095050382798,real_interest
PHL,2010,3.16350898272397,real_interest
SAU,2023,,real_interest
SAU,2022,,real_interest
SAU,2021,,real_interest
SAU,2020,,real_interest
SAU,2019,,real_interest
SAU,2018,,real_interest
SAU,2017,,real_interest
SAU,2016,,real_interest
SAU,2015,,real_interest
SAU,2014,,real_interest
SAU,2013,,real_interest
SAU,2012,,real_interest
SAU,2011,,real_interest
SAU,2010,,real_interest
THA,2023,2.97300810942538,real_interest
THA,2022,-1.45349274915803,real_interest
THA,2021,1.2628955644913,real_interest
THA,2020,4.65169004750105,real_interest
THA,2019,3.03891578719485,real_interest
THA,2018,2.67979728915769,real_interest
THA,2017,2.46971462408852,real_interest
THA,2016,1.78511916997275,real_interest
THA,2015,3.98101397309843,real_interest
THA,2014,3.45784317114814,real_interest
THA,2013,3.22433498210821,real_interest
THA,2012,3.21675712469183,real_interest
THA,2011,1.2766820317925,real_interest
THA,2010,0.243128638611464,real_interest
ZAF,2023,6.47206699043374,real_interest
ZAF,2022,3.37387624023208,real_interest
ZAF,2021,0.595087859723449,real_interest
ZAF,2020,2.19841383909371,real_interest
ZAF,2019,5.26841565254553,real_interest
ZAF,2018,5.85618355804153,real_interest
ZAF,2017,4.64731548547952,real_interest
ZAF,2016,3.27825167845196,real_interest
ZAF,2015,3.66774283297156,real_interest
ZAF,2014,3.56702763012509,real_interest
ZAF,2013,2.50924549715633,real_interest
ZAF,2012,3.88287299810937,real_interest
ZAF,2011,3.27930122317635,real_interest
ZAF,2010,3.49095978979672,real_interest
EGY,2023,-5.64166239964291,real_interest
EGY,2022,0.142669652477037,real_interest
EGY,2021,4.36620669870869,real_interest
EGY,2020,4.88781543020771,real_interest
EGY,2019,2.19909578279469,real_interest
EGY,2018,-2.35870301315844,real_interest
EGY,2017,-8.75819408094445,real_interest
EGY,2016,6.92201135491608,real_interest
EGY,2015,1.54106846018941,real_interest
EGY,2014,0.414129139027758,real_interest
EGY,2013,3.29215715258349,real_interest
EGY,2012,-6.26271950249128,real_interest
EGY,2011,-0.563878053386473,real_interest
EGY,2010,0.818721618124323,real_interest
ISR,2023,,real_interest
ISR,2022,-1.88413919586166,real_interest
ISR,2021,0.785572159660462,real_interest
ISR,2020,2.22737101991968,real_interest
ISR,2019,1.58674936529431,real_interest
ISR,2018,2.77336225960432,real_interest
ISR,2017,3.49052979058167,real_interest
ISR,2016,3.06082635617176,real_interest
ISR,2015,1.07298951861706,real_interest
ISR,2014,3.10704129759424,real_interest
ISR,2013,2.49676376880273,real_interest
ISR,2012,,real_interest
ISR,2011,,real_interest
ISR,2010,,real_interest
KEN,2023,7.75281849023135,real_interest
KEN,2022,5.02892163035783,real_interest
KEN,2021,7.42758100514376,real_interest
KEN,2020,6.71463440906742,real_interest
KEN,2019,7.83110074767401,real_interest
KEN,2018,8.48796047494694,real_interest
KEN,2017,5.65674761585908,real_interest
KEN,2016,10.1181287134987,real_interest
KEN,2015,6.26880578270388,real_interest
KEN,2014,8.24907899217325,real_interest
KEN,2013,9.29394635969952,real_interest
KEN,2012,9.31351134458285,real_interest
KEN,2011,4.52618583226899,real_interest
KEN,2010,12.526958492458,real_interest
MAR,2023,,real_interest
MAR,2022,,real_interest
MAR,2021,,real_interest
MAR,2020,,real_interest
MAR,2019,,real_interest
MAR,2018,,real_interest
MAR,2017,,real_interest
MAR,2016,,real_interest
MAR,2015,,real_interest
MAR,2014,,real_interest
MAR,2013,,real_interest
MAR,2012,,real_interest
MAR,2011,,real_interest
MAR,2010,,real_interest
